actual_proxy_vol,"GARCH(1,1)-N_pred_vol","GARCH(1,1)-t_pred_vol","EGARCH(1,1)-t_pred_vol","APARCH(1,1)-t_pred_vol"
0.24024803627129743,0.7699813631444955,0.7916402932566714,0.7978194484819515,0.8013661123197894
0.9051555047499878,0.7518565691943055,0.7758013332894179,0.775977672167813,0.7838969863237364
1.689610175360169,0.7739518274485617,0.793059742822213,0.8053591653594033,0.8050288936466785
0.6594884131366435,0.8875066075668577,0.8871684256271455,0.8957553088420949,0.8954198924237867
1.525834465129758,0.8794665949952643,0.8809673456794512,0.8990752578991984,0.8918124764114134
0.785126940613293,0.9522962881098712,0.9432201700740623,0.9695579919193392,0.95567019831435
0.4406646258565979,0.9470572385181932,0.9399524045378667,0.9778243867884736,0.9555698249765772
0.5469947285691079,0.9247482424627657,0.9220103931128593,0.9599937831757418,0.9370860618918032
0.9290948495662068,0.9082808334246546,0.9087985268104422,0.9510706323988158,0.9247248084569597
4.522134576064041e-05,0.9169476305934032,0.9166751911633202,0.9713467441292964,0.9363581587686183
0.10922973550343254,0.8881063467416782,0.8928762577045969,0.9223871356842337,0.9070625690317858
0.1659765541049656,0.8613193809985349,0.8706168776450128,0.8840857752150729,0.8806135597030834
0.4922753794377805,0.8366764566156716,0.8499623668668717,0.8520694744277133,0.8568218455165489
0.6633809611892125,0.8234815368546619,0.8386498044126522,0.845575399298387,0.8467051906371551
0.8741117619052409,0.8205070794223569,0.8357308061688774,0.8521554399416144,0.8466062663904499
0.022252496331603092,0.8329024466666961,0.8456015070412437,0.8742887063744568,0.8603030312594165
0.16648934137045682,0.808490189704246,0.8250096586975906,0.8326342541139935,0.8350977138339486
0.05725379913272287,0.7866995862158797,0.8064232610775574,0.8035895204037021,0.8137045174757747
0.5253385896468655,0.7648580060534554,0.7876483273983202,0.7683847196093899,0.7912933778324893
0.29688896077825266,0.758227523760598,0.7812731031574772,0.7691930740561814,0.7869725316456921
0.32573607802598586,0.7423275742921513,0.7672452366165852,0.7530863975951528,0.7723262243845174
0.5011381678459368,0.7283293816102346,0.7546848689720778,0.7399782593829958,0.7596395100558676
0.7695743503377852,0.7230225763407537,0.7492123550724378,0.7406276787638019,0.7560582596123859
0.12516523896202808,0.7363471304485234,0.7590935179330338,0.7616322853415076,0.7694962125872997
0.4314259170382567,0.7177999781200044,0.7429041081953316,0.7335247908149267,0.750494206563221
0.040155303681002064,0.7096881286664607,0.7352044410998982,0.729320502855789,0.743859007504355
0.7956473541385838,0.6917852812110196,0.7193906344723118,0.6968768462210045,0.7247405381730813
0.5920833333805476,0.7104905391152837,0.7336373892758213,0.7226525834819314,0.7425839297873288
0.7450418189702059,0.7119094629827586,0.7339609472760695,0.7311572812554642,0.7453515177511904
0.27783794197514416,0.7242947590020379,0.743442562540661,0.7508219541927894,0.7579061843528924
0.2345187037955244,0.7097147756071138,0.7307488298874643,0.7343344867563256,0.7440590275870759
0.5883413770518826,0.6947569623589089,0.7176286056671322,0.7156033665957022,0.7294370274684315
0.26458908011449395,0.6971912629789686,0.718854422312884,0.7242129699430967,0.7328656453080205
0.04878127037082408,0.6838125618625644,0.7069986340119024,0.708218840218113,0.7199052105303065
0.2901558742590765,0.66724144783834,0.6924095570015816,0.6775340278416331,0.7020487033100933
1.696669418994311,0.6564867922214321,0.6825345087236192,0.6659679150951494,0.6918378160169273
0.11121601117843873,0.7981566362024618,0.7987059459209032,0.7678197821360324,0.7993058346142007
0.12497856080015045,0.7759447368039247,0.7804248554457195,0.7383998862718821,0.7784441307570358
0.16027022429005056,0.7551269107350289,0.7631252267416337,0.7115992347460842,0.7590063393466462
0.7743518669727673,0.7359924659748878,0.7470642906146132,0.6887967519741524,0.7414582604366965
0.34477416782299314,0.7483046453929593,0.7573237131597226,0.7132741969214089,0.7561445356817098
1.2245522513766143,0.7344745038410178,0.745700222382729,0.7038051029006556,0.7450986827809826
0.32042052029496426,0.7922933066521638,0.7942116261652105,0.7630633697196966,0.7964574644128167
0.57195815496044,0.7749236504918721,0.7799840686021535,0.7489910993188222,0.782042400830208
0.38882652182592436,0.7699724905390252,0.7761117879458803,0.7543722554219712,0.7807530885612969
0.07216813064070117,0.756440641572729,0.7649135767477401,0.745807580428293,0.7701379376290733
1.0422426876486095,0.7361393810006305,0.7478620863381669,0.7148337690737738,0.7501074799110672
0.584193474711855,0.7731585875277932,0.7788291509475646,0.7586335283408933,0.7848203190263391
0.17563825908643277,0.7690283192565708,0.7756227219691205,0.7643649283941429,0.7840272771829844
0.1570964820347996,0.7493561305998496,0.7592137492143469,0.7397180245558529,0.7654451975859333
0.6866535979884465,0.7304595494838093,0.7432902415337207,0.7151649352655068,0.747402955163063
0.5200592374401758,0.7364939553026746,0.7481690399646501,0.7311936419071303,0.755559584124426
1.3095693284327827,0.7314233984957758,0.7438048130630003,0.7337025194224861,0.7530533851818877
0.6729080378249249,0.800013527595178,0.8012380465929594,0.797685842103809,0.8114700218020365
0.4125428740485313,0.7992481063732287,0.8011864107682831,0.8077627607004505,0.8141387078442347
0.10558853342215514,0.7847596538653465,0.7894330287042957,0.7978253232006162,0.8025286995938815
0.5495496243444078,0.763201342140732,0.7715473839029127,0.7663009616477552,0.7813046805391598
0.8380082620219916,0.7577825601375573,0.7670997751593921,0.7689447657680054,0.7787206795597578
1.3579061529662924,0.7730185645209913,0.7799794119721557,0.7932996201550488,0.7949205658302195
0.20229736797444586,0.8409407208333353,0.8375776052502029,0.8571908664677157,0.8533021254049649
0.6087544752559468,0.8177508488128181,0.8186947280282815,0.8291016149059078,0.8316327382070869
0.36592739695038334,0.8116606379657259,0.8141391487378001,0.8324552247723409,0.829066568236996
0.11583466690139461,0.7946323604632001,0.8002175582005316,0.8176784490210525,0.8145312031516417
0.12621464685721379,0.7726660902242951,0.7819739534901358,0.7857857489751167,0.7929097865310691
0.19073652015388987,0.7520261539769071,0.7646731027810305,0.7564775428289511,0.7726766891461648
2.123853318481438,0.7335791557299327,0.7490503667079274,0.7334245769345283,0.7551580727926517
0.5084280283394047,0.9262987743732943,0.9110390348000983,0.8658240548179053,0.9011871444430096
0.5343207838333456,0.9078384636839802,0.8967746341513131,0.8595588460813803,0.8888798005050076
2.711776490725117,0.8917405465665553,0.8843080984363703,0.8555821899307468,0.8786211598544198
0.6190242428551356,1.1465378588085824,1.1050871897720211,1.0300613275712418,1.0757872565475566
1.7335398620457565,1.1191768100428992,1.084560741975031,1.0219961721591238,1.0582722911727527
2.9759342740431998,1.1828756707672146,1.1435610400376548,1.1015496011861616,1.1238500433806489
0.14408467047178403,1.4119397998876153,1.3483622649054168,1.2817408434269755,1.3150699158073291
0.9726859888704695,1.3586435300638071,1.3058392972038093,1.222608292505676,1.267919981823076
2.023218463438986,1.3354807525161012,1.289866472162396,1.2291857327317652,1.2578503762346656
1.5524463047592552,1.4044648300851343,1.3547605006111092,1.3190201657339857,1.3304580545431517
0.5141559990213161,1.419238190283903,1.3722516182464892,1.3648234146911444,1.3562003949478645
1.3549420245784294,1.3728635702288159,1.3352138252106636,1.3274633594169332,1.3179418943551122
1.017952492291268,1.374324128766542,1.3398421344940727,1.3568450920105597,1.32964633238714
3.1201454095997625,1.352850287289531,1.3240828531885662,1.3581245314158608,1.3181921164335197
1.3908070738544878,1.567212780884259,1.5144734248781297,1.530870111210765,1.4974739700415818
1.3907142153601133,1.5557940216373087,1.5089470632401254,1.5494998233782986,1.4986040071279596
1.4549342797782392,1.5452638523339364,1.5037402426259228,1.5668088833096154,1.4996090448273018
0.15930002987861153,1.540207261906432,1.502945336308598,1.5879331610331873,1.5049569643972576
0.8880319485227387,1.4814355765768084,1.4544916800480052,1.5100835841594296,1.4490849261249366
1.314689921094943,1.4462363025580036,1.4262462701638594,1.4914145609040796,1.4228567741949791
0.5243865952497369,1.438838643450735,1.421729143133665,1.5065320221781486,1.4239408220196563
1.0636665531517953,1.3920399439487168,1.3829510723363778,1.461143453409591,1.3827408554407217
1.20695344697922,1.3721495155910202,1.3669165968282495,1.4590517614384668,1.3705586991535756
1.9580988384658158,1.3629337401215065,1.359761695488084,1.4679880910980616,1.3681417135257659
2.0371848620305566,1.4208835584810178,1.410156340153584,1.534903887601642,1.4233036305947617
0.2839594729128685,1.4804606219065195,1.462841612319217,1.6036336653795815,1.4803731721640114
0.35676818457933873,1.4262307315202978,1.417621009955295,1.534310360480312,1.4285931542096404
0.2708097508908293,1.375988493394246,1.3755209368651236,1.4750191682892153,1.381554479285967
0.28545533149195756,1.3266839396943662,1.333954835223478,1.4134880563405665,1.3346267782947943
0.4601548649310317,1.280031007927023,1.294379484666014,1.3570587770871012,1.2904712307613946
0.5815885965326981,1.2397338467930934,1.2599049193652625,1.316951887174586,1.2541281622839258
0.7236017178579545,1.2056130435756698,1.2303503659702253,1.2882950015390693,1.2246113250272028
0.3968064626708322,1.1795096033217891,1.2072678020032481,1.2719514481670469,1.2034550903322017
0.41170628555613437,1.142655460787365,1.1751695049154338,1.2325773413978613,1.1693831172435125
0.2614755417641463,1.1081265270253857,1.144818344658763,1.1967256786555862,1.1376063428270144
0.5128300372082442,1.0717494096278246,1.1127998751940051,1.1521101830951965,1.1025675609628054
1.0245133059532017,1.0444683534282675,1.088062115787145,1.1286159626505896,1.078413669287252
0.7170398920661308,1.048463885869361,1.088816997150254,1.1451995869272098,1.084802918689442
0.5085643883560957,1.0320900364329324,1.073065072244039,1.1373674187875342,1.0717934886519018
0.19589940016857083,1.0069861181236877,1.05013881288297,1.1144732726363484,1.0492012775800559
0.9339236215999799,0.974539604142281,1.0211437601730273,1.0700271326751556,1.01680351625041
0.6468039271024303,0.9777305211804743,1.021084518819201,1.0834431788633605,1.021652466232066
0.13864422398847837,0.9623821870940931,1.0060541034779882,1.074180876745909,1.0087908419283935
1.334663031681576,0.9314418560832944,0.9782860026205279,1.027978602170632,0.9771096010497409
0.652663508118346,0.9756386112236698,1.0118231376852003,1.0755526283850465,1.0158889845531336
1.020254030701521,0.9607921338112145,0.9976007226242498,1.067239480119184,1.0037321889754167
1.1515531276822997,0.9719799755895708,1.0047593814739093,1.0874329169499681,1.0154942262419295
0.1320753184927697,0.9933732302717028,1.0206372090445288,1.11644489175827,1.0359726049287976
0.21752999472964651,0.9609359106711574,0.9924435895177766,1.067384595001383,1.002963338670787
0.7831658065226473,0.9313914627465133,0.9664344360046587,1.0274383529026327,0.9735808752592819
0.031188401259865866,0.9275462525092488,0.9613639811536895,1.0319914538202564,0.9717588669229476
0.6948536936322558,0.8977421083183128,0.9350656528208541,0.9806574596466565,0.9404834795368172
0.26622011454920785,0.8908759007253204,0.9273924590167744,0.9814186657786101,0.9355853752952296
0.5177739798144773,0.8661020720357158,0.9051013803294319,0.9500899029946412,0.9111058195334892
1.2354732607589571,0.8518223017362748,0.8912814885692947,0.9393136579457797,0.8984171160007988
1.69558942337485,0.8954156569685148,0.924945354615566,0.9849494929511938,0.9362190893456536
2.174762544278384,0.9882351660277855,1.0006313524068677,1.0644171437995409,1.012266401750359
0.01624565767231867,1.1320523407774215,1.122054470142556,1.1776186914908506,1.128210818639686
0.29304668867776923,1.091864170462935,1.088989070225298,1.1164856878130178,1.0891295688607299
0.6791421142799124,1.0569071379309622,1.060056307245527,1.0791476703720517,1.0575375654595585
0.7933576928071693,1.0380065792280277,1.0443336800139211,1.072627285942795,1.0442557450907077
0.7277644945984202,1.026764671732775,1.0348603812465684,1.0751047732607766,1.0382763606321126
0.2761254438016369,1.0125192218623313,1.0227647102268336,1.072477642073909,1.0288937803429206
1.2125162007946333,0.9814750388844686,0.9965484075225979,1.0366015005441704,0.9999782461211983
0.7213503398614911,1.0074298145928218,1.0176614281151224,1.0736096284988206,1.0263646272085862
0.3570342861096539,0.9941814904070715,1.006282499269623,1.0705705471771936,1.0173920066598743
1.1224317563009323,0.9661922949326082,0.9825329667791087,1.0407304203392422,0.9917983743097681
0.18183738834210517,0.9855102073027899,0.9979740117016784,1.0704045066449541,1.0119538298781243
0.6192276446866419,0.9541701395799522,0.9714378695378516,1.0278234999259845,0.9812987279284807
0.7914519867494033,0.939084317405917,0.9581648107603138,1.0199787917812488,0.9695978796655834
0.07847470098898425,0.9351878785320257,0.9540679912734389,1.0255833218050625,0.9685829084566815
0.1914952874623651,0.9053273409440196,0.9285163008513966,0.978244733678663,0.9381199088521047
0.05075430850943223,0.8783603852088347,0.9051673782496,0.9418559559070163,0.91151831874943
0.875403541780024,0.851270105762173,0.8815643834966493,0.8974163763082995,0.8835805626027168
0.05072391861157237,0.8609492042672979,0.8879861845301087,0.9172110133109698,0.8944070944229499
1.0074461766573695,0.8347639156298874,0.8651314158820834,0.8741807288793296,0.8673294679551242
0.5578529218258507,0.8573947276776993,0.8822342957659294,0.9058212615375583,0.8891900672864405
0.42336853647871864,0.8457614366154295,0.8714629809425759,0.9008129226017065,0.8800256108807886
0.04588623413547534,0.8287404848809756,0.856220600829196,0.886033209043134,0.8648426465181982
1.421432473365151,0.804220095391904,0.8347397087566243,0.8444588257564338,0.8391896190100446
0.8392295285810927,0.8762495275851556,0.8927583849852001,0.9113963809662259,0.8996199073993351
1.1754523196468527,0.8808814778274936,0.8959939049525872,0.9274484691686263,0.9067049658035722
0.5016720465858139,0.9144396695398656,0.9235266758966693,0.968663487495162,0.9384005375455394
0.07094496149740188,0.8963394431330778,0.9082525046992737,0.9556645488671612,0.9233701142625318
0.6513633946333426,0.868416338389451,0.8846722152630283,0.9119814894840593,0.895078787767887
0.18315472858544407,0.8611479205021769,0.8780322742520738,0.9136526660658086,0.890703005689885
0.2823401439490184,0.8364116903550396,0.8568837485512436,0.880532327988574,0.86636593525422
0.4370960675551899,0.8152368374183551,0.8385146410235184,0.8565728397111608,0.8463536749263051
0.845588924411645,0.800727901644472,0.8255121510127132,0.8454647612130606,0.8338067429255771
0.5470965214915499,0.8127534002194717,0.8343412489516796,0.8661593522429766,0.8463923017280269
0.04735479333099861,0.8036751470540846,0.8259308043444054,0.862729717930871,0.8393627561869882
0.7701078318023316,0.7805059752008454,0.8058561845447961,0.82271074840948,0.8150378525418391
0.3670591815987923,0.7884704452721915,0.8113132940733541,0.8389741042175761,0.8238323005797809
0.3035741709543066,0.772841801431263,0.7974450168987139,0.8236832770601827,0.8094562531382943
0.0960271533142706,0.7559839740120529,0.7824760875122116,0.8045652568255297,0.7933343098748935
0.573038530591346,0.7357250522955534,0.7646042342335503,0.7713205902644773,0.7720840072307333
0.49460776476030843,0.733877307820125,0.7617787427804895,0.7755536899630892,0.7714323181180481
0.4307207614282738,0.7276565318801614,0.7554185808177205,0.7735464196814268,0.7663964839845018
0.4237411667756309,0.7186526736498882,0.7467798199693837,0.7668159008760136,0.7583704613148098
0.2573766058222585,0.7099333994942684,0.7383613112032711,0.7599473072042545,0.7504903971597483
1.1878764716980854,0.6954043656163157,0.7251271720826572,0.7410138539375859,0.7359183100506997
0.41376410812673114,0.7556675923891549,0.7735010976168687,0.7960176804114839,0.7860150592016795
0.7594157824617621,0.7439635296463433,0.7631991953504395,0.7867080872058275,0.7759410090116593
0.9156725034350158,0.7544645471090572,0.7713117521107619,0.8043583926119026,0.7870066164416446
0.776950127083804,0.777301973609227,0.7899058437130213,0.8331241510593556,0.8087132883692573
0.8604749029434052,0.7860250095934652,0.7970279228893917,0.8492295847906655,0.8184801302501958
0.027395712168779063,0.8006657395501509,0.8092434498188537,0.8708095389563473,0.833449177451496
0.4832246974639866,0.7774126196308386,0.7897842555159234,0.8287874628965265,0.8089938282138203
0.8572621200078333,0.7674163575535742,0.7812496872047634,0.8227364997733557,0.8008866262468436
0.30501138974388137,0.7836336590740277,0.7945783297477921,0.8457150257657774,0.8170164374124375
0.9458178880113395,0.766035533861138,0.7797581283601474,0.8253761955675857,0.8003664874084894
1.3250533683865944,0.790345004104641,0.7998881372971,0.8551166443013856,0.8232871796362508
0.7007438247010649,0.8525838502357501,0.852403747364018,0.9132525880938671,0.8767172847551461
1.0517080288566678,0.849412535301905,0.8503953077783273,0.9185129409165108,0.8765131524777005
0.04854939736424999,0.8744998674362874,0.8723125392337842,0.9506587633510359,0.9012853154839706
0.08534032937387674,0.8473209584038951,0.8500053700315349,0.9053357941549253,0.873360102609863
0.07231812809126796,0.8218578380313867,0.8289434469456743,0.8654482235675993,0.847525469216307
0.4915816814369475,0.7976853982677816,0.8087882596516918,0.827012228016374,0.8229301919253613
0.45319366998501814,0.7866725611195043,0.7994826254653858,0.8216861394165127,0.814391432150851
0.14969267093733435,0.7745865704094754,0.7891935044285369,0.8137898736966163,0.8044496764483507
0.5936046426771319,0.7538734462704415,0.7716114798729835,0.7839439106634211,0.7836800310543307
1.6643430187635564,0.751717681759786,0.7693328287935511,0.7889190487304479,0.7833784455998726
0.48746414635303215,0.8669062217398145,0.8654257333745845,0.8797760708368035,0.8753759267272024
0.5490791998123471,0.8510400579543249,0.852698734511193,0.8709631531701355,0.8633403126895133
0.22281493561650018,0.8392035417723626,0.8432127959331825,0.8673060973886798,0.8552254545939539
0.07886962962208163,0.8162465434938713,0.8242053667767841,0.839689792766827,0.8337334884934502
0.47372831572039553,0.7924601081915328,0.8043332124819396,0.8032712938038761,0.8100712977057725
1.993230581066572,0.7809427472668291,0.7945623281431778,0.798009576920407,0.801435233423111
0.26874388950372746,0.9412993462844983,0.9298118502928934,0.9162202933617842,0.92729563967581
0.8598881107477138,0.9136775553300223,0.9074925131931936,0.8890532361985527,0.9033507565975943
1.588806568204726,0.916437743548022,0.9108981301297768,0.9079909180866287,0.9114281847734044
0.13846234246702094,0.9918606612708648,0.976586966655826,0.9839332956367519,0.9797348560510438
0.08405488362937664,0.959327549928441,0.9501735905993228,0.943146063019855,0.949483055417001
0.13530588278346298,0.9280517708024555,0.9246187476896423,0.901009490393413,0.9199470357499416
0.24789618956622628,0.8989371807498365,0.9006879959002391,0.8651386583805373,0.8929389308654514
0.2621979059837963,0.8733126568162479,0.8795095476247398,0.8395789347778118,0.870344567666663
0.27721221241140703,0.849456488364671,0.8596309992319761,0.8165659362323674,0.8494596231693832
0.5372395516098055,0.8273288748129727,0.8410337857631671,0.7959864656011385,0.830237098492483
0.9996248613440641,0.8166026561681033,0.8317705704941283,0.7959546317822767,0.8236565017221683
0.04124930411819672,0.8401536500712385,0.8510044656999367,0.8316403033332637,0.8483317795031415
0.43112373663048087,0.814975932759871,0.829851583645265,0.7930965199953754,0.8235943745730061
0.9235324304277144,0.8001282679361862,0.8171137436088285,0.7852658435382507,0.8121179315897981
0.31166678550174054,0.818551496230899,0.8319226205027753,0.8156269122435292,0.8319201977842919
0.3414075629161161,0.7991631187342259,0.8154949993709345,0.7976236471839132,0.8148905624086835
0.15786382224256995,0.7818805323297471,0.8006854107949681,0.7828563496099572,0.7999965763796614
0.08271370124352442,0.7609771892277586,0.7827639750177265,0.7554886656450194,0.7798467740947869
0.20039582011085066,0.7402584640731573,0.7648706526989686,0.7242132005954102,0.7591878562785822
0.44696305937276987,0.7224816834748445,0.7492397608191841,0.7032120961089738,0.742392796139726
0.5682840021016896,0.7144897836904432,0.7415822501146737,0.7017812613477536,0.7366929262903603
0.6934701184903983,0.713857365685643,0.7399736090711848,0.7097024442366818,0.7381066933584135
1.0763002051861652,0.7218853045782199,0.7455585122380436,0.7268172686685878,0.7473938706166207
0.2579223584780897,0.7646550828930109,0.7800339588083643,0.7731763791402188,0.7856039009107809
0.7441076061965921,0.7467974780278236,0.7648428393446082,0.7536270017849045,0.7691599123564515
0.13537379446055747,0.7556058922593034,0.7716615952884648,0.7719481577108769,0.7794886514719694
0.7616372007709584,0.7357298883682835,0.7547523720810244,0.7435290090822303,0.7597950477888346
1.0151793843177803,0.7469423207892013,0.7635101662900634,0.7638273902403792,0.7720676070841523
0.24145346493216074,0.7799617151831476,0.7906280871364032,0.8027880035793677,0.8027520202010284
0.8775869912055005,0.7607647458105317,0.7745562310705719,0.7803136842384049,0.7847143638324527
0.08916534821345894,0.7791747092257146,0.7897213752380396,0.8073441650068233,0.8034212115144833
0.44452746595251297,0.7574185974186255,0.7715278138326455,0.7735667032963698,0.7814690064861999
0.4465987959328019,0.7468159680647549,0.7624826722673738,0.7678271150188369,0.7731127722450614
0.6293678815621659,0.7370454996136782,0.75403566350625,0.7625741834892669,0.765371986368985
0.050033492915606756,0.7384094641483576,0.7547872899561495,0.7714600744711807,0.7684349047824541
0.4669420842982128,0.7185664400651989,0.7379307745272328,0.7369348731181826,0.7477180901912956
3.9870802725584897,0.7117452282625576,0.7317533800769305,0.7349993347772907,0.7426215826872754
0.9956571508121198,1.3100983906325943,1.2464721217887131,1.0524413597211435,1.1585447804885627
3.585062414895357,1.2913487672908814,1.2351226189873927,1.07178059388544,1.157218510538035
2.7014642136981655,1.5999039134166457,1.5142799263220108,1.3133544545213498,1.4249395395260398
7.549688026666597,1.7149280382424483,1.6261803634409624,1.458597959082989,1.5508254002790032
4.221772306640523,2.7253964359904588,2.5241485209845282,2.0716803104643597,2.330306744907627
6.919456022524043,2.8773231675431927,2.6817586809609715,2.3009415442574945,2.5197871744593745
1.2961823237464574,3.4068975351847532,3.1762118768396794,2.7685901940347604,3.0140944824179767
3.057927667527356,3.2753663080358337,3.075423737415776,2.6857370741193467,2.9135065272600764
2.2117932053497955,3.2521016898104227,3.0729470408675486,2.759996253105651,2.932885865298588
2.251348399971049,3.17244171020242,3.0171161738171994,2.754918093872422,2.888752397270495
0.14942121832792166,3.100681300366446,2.966829925786003,2.753490629894283,2.8501949890352782
1.4114725759231832,2.9640075396803565,2.8565067895453145,2.5844061631802346,2.727222534778789
2.8247510054379465,2.8627480761268873,2.7767644199175487,2.5275110373683534,2.6505811377218103
0.41662208201931494,2.855441891325439,2.778278564324611,2.5913573584282696,2.6704848090673097
0.6895289308625776,2.7332074128861157,2.6786920408180643,2.45653447160733,2.5615361870491684
0.21794574010984646,2.6216955818390955,2.5876391266577743,2.35329067084838,2.465225660360018
0.9310894000649174,2.508764511028395,2.4946740419334636,2.222117905682947,2.3627309833068613
0.7503690496293405,2.4151377177208215,2.417370498015972,2.1553463119541156,2.2852768818032425
0.8184159687286509,2.3210348799146296,2.339077149799961,2.0795298232489134,2.205013635942043
1.2072719921110966,2.2336181651979348,2.2657849206909186,2.0144762726195324,2.131391300084892
0.7615164140530719,2.1656884181447382,2.20801155037699,1.984423100855114,2.0794848546117524
0.4247199337122927,2.084448867237444,2.1389165414125744,1.9217796713126063,2.0102127060160666
0.12752490162261698,1.9990946830102816,2.066049982422477,1.8377256055436626,1.933164074255351
1.1972015142528063,1.9141738103612886,1.9931313672418416,1.7369755429617297,1.8534200522483342
2.14836931907417,1.8648487038347292,1.9483973803148071,1.7259000831260773,1.8175170893989787
0.19443250986560368,1.8898897328307964,1.9632251432367243,1.7931154521761248,1.8518626610940296
2.603228178366754,1.810541672296924,1.8945939764501531,1.70056906462146,1.7772971925186816
0.6414695591663285,1.8891482679451315,1.9525920844642644,1.8079484771381884,1.8554964238317937
0.42562532640098066,1.818562446402167,1.8914451536128813,1.7485810239016808,1.7936210140765736
1.494434746139672,1.7461004887568743,1.8283765731589656,1.676737956290225,1.7274981057275807
0.5496621318059616,1.7271631687058284,1.8079577994109686,1.6938103922975065,1.7188475176225968
1.747920156509465,1.6621741596218085,1.7505731379334972,1.6352143996869668,1.6605213855386527
1.43012479888067,1.6705042714001002,1.7516454768208187,1.675930809185353,1.675414063820103
0.2247980632362523,1.652882766007322,1.7323465845953243,1.6878333932907994,1.6660374158305025
0.6650123368364227,1.5852480849573958,1.6729248043743228,1.60497617496623,1.6015386557061364
0.7206137984786382,1.5314654658451272,1.624238209976858,1.5613743597131937,1.5540256660470413
0.09731700156881548,1.4827942699465562,1.5794009245511929,1.5250493964970289,1.5115370341407615
3.1901121618526345,1.4219602398568842,1.524548224181417,1.4432955773877512,1.4516430640163962
0.13035905295439149,1.6461932638739456,1.6974103149778488,1.623330543304105,1.6308914848227434
0.15303437434924427,1.5785668728356963,1.6391335293357117,1.5380177166155933,1.5667544904775041
1.648040979886626,1.5143121237759474,1.5831395976941403,1.4600488113505727,1.505691487974004
0.38766210313874555,1.527777764044467,1.5897221802252448,1.5052936712303506,1.5253376517680999
0.8669635282803323,1.4695708653063375,1.5385922374689636,1.4473671813728515,1.4719683182566154
0.9672395813270422,1.43177276512733,1.503642419875556,1.4304986511165116,1.4417704963697038
0.4285531275609835,1.4018222631064128,1.4748850504876392,1.422723363254998,1.4190757054429766
0.354259235175539,1.351051059878279,1.4292142816615743,1.3733856865086986,1.3723806432192203
0.06868156727648993,1.301070765567085,1.383875505992101,1.321542761797757,1.3254897068944522
0.8960788709610809,1.2496255203809061,1.3370286274780934,1.2512507302258884,1.2743769308699515
0.06665200201460524,1.228168012645187,1.3141942348166327,1.2500991579634266,1.2583687929366554
0.6928434088537033,1.180310646516099,1.2699972679059337,1.184171954966214,1.2103197726777748
0.23213296482154716,1.1522787976460618,1.2416577401795967,1.1712194472741722,1.1866888487431682
0.7093125630988534,1.1100994604494063,1.201767743811606,1.1228575858431113,1.1452052141910822
2.080214350017704,1.0876859606961846,1.1778043355107009,1.1153521693067283,1.126632118592965
0.05497966485471932,1.2081026250136433,1.2686937737650958,1.224638447985718,1.2262561199440616
0.7830511987843893,1.1616843191585184,1.2270146133814497,1.15988571165252,1.180339525691296
0.578544778957702,1.140088327092172,1.2053081118278237,1.1559392525369956,1.1639973757017312
0.3447653221713221,1.109645915840605,1.1763892338527793,1.1359990989131403,1.1377321542694598
0.01259171365385918,1.0727689279314911,1.142119278854778,1.0990409859995183,1.103059928979041
0.5435004903427632,1.0331624490542701,1.105400487163901,1.0388909286031713,1.0626529181380333
1.1844542705586523,1.0079777285607183,1.0802656479372037,1.0237734091461372,1.0406865039887214
0.03543340834221307,1.0305347167962742,1.0939360835544858,1.0623671196950162,1.0634930640110862
0.21183523704023277,0.9933126284700591,1.0595309708573277,1.0063659098416207,1.0254212010325
0.020719842031573142,0.9599628768335078,1.0280711347558928,0.9672820829061589,0.9925075663116046
0.10256470651789366,0.9264398673357015,0.9962984318503028,0.9158536769109568,0.9576573170112358
1.6713097156902441,0.8952200431112931,0.9662353164769886,0.8737058237922051,0.925508978893486
2.606057575922023,0.9919053476877426,1.0401216337197592,0.9667791966543028,1.0071973914251429
1.5498206533641175,1.216196361892911,1.2232296397113418,1.1359052465836554,1.184026806212443
0.1784016118268696,1.2515054369589467,1.2527609613968975,1.1964354816369482,1.2237546487982407
0.7735846875489338,1.2039543166882736,1.2131836864774959,1.1432227447943966,1.1803762491040464
0.14121113028885093,1.179006002062378,1.1920186751953956,1.1397724124114104,1.163642431598831
0.5796794034857634,1.1349510292447755,1.154796554812666,1.0874559350885111,1.1226697309515095
1.4710963096873306,1.10514081075561,1.1289932045310247,1.0723938664164345,1.0992871381322782
0.28028411666887104,1.1451888486948172,1.1609346504973541,1.1308751565650574,1.1401467961786866
2.5857926686656407,1.1051516754444555,1.12692789944612,1.089765887757445,1.1038867159421246
0.4010867156702601,1.2980779674779144,1.288098241585021,1.2447121714884755,1.2613472186623849
0.2763286283965486,1.2523725151730252,1.2505930225781157,1.205373273130798,1.2224643312257515
0.01871687637288999,1.2064008220532596,1.2124873090561576,1.159133612854216,1.1817152242093965
0.00965216670979907,1.1602716481475575,1.1739036806083412,1.0964476584195375,1.1383434955713632
0.022744431551768723,1.1165818774514575,1.1370101052348225,1.0371340164144978,1.0970803964129847
0.8676977028485128,1.0752270813739326,1.1017408570157106,0.982542754065772,1.0578985770289184
0.4381602768913979,1.0655867886497157,1.0922448584578262,0.9974048285853273,1.0554682959355555
0.6024225541349366,1.0346062039162693,1.0652026422660499,0.9771670989206006,1.0296595332818717
0.007353928108756333,1.0125014550080005,1.0452282848418382,0.9711275944503702,1.0133314445927275
0.5890031244115345,0.9766948730748612,1.0139450637372427,0.9194484254374459,0.9783516015004734
1.184118173620062,0.9578975344505161,0.9963152863568823,0.9160683352196896,0.9646186167100714
0.8645814679821763,0.9857439042085079,1.0167879280621213,0.9616810880192713,0.9936966295041028
0.6031861719169339,0.9833101460158825,1.0129448204127596,0.9776731444122855,0.9958547968351473
0.07043194313779924,0.964806172133924,0.9960147441294834,0.9716683932377171,0.9818233748541616
0.7446803915817288,0.9318247457769716,0.9671807511591718,0.9247937483972715,0.949186496879253
0.5730642167926432,0.9255746617691034,0.959942138232043,0.9335438768402295,0.946737388212116
0.4730608259815473,0.9096121291965833,0.944833495412881,0.9279974811183492,0.9342857369987552
0.322824451112839,0.8899483833198916,0.926663657770672,0.9149043497256409,0.9174859058113738
0.9908183061850552,0.8659110755804665,0.9048505217804009,0.8908838516969854,0.8951198136961457
0.7407009335910981,0.8854963416536965,0.9184877854518336,0.9220327569132588,0.9146553354693426
0.069235988721638,0.8828642259593292,0.9143855074109384,0.9306226735307002,0.9144951536743997
0.9152154606158587,0.8544773619672553,0.8893372399909558,0.8861917196367318,0.8853877091582245
0.19827707601129158,0.8684597164546397,0.8987206561592314,0.9113852664840234,0.8998779462152905
0.8824422015615243,0.8425996078710506,0.8758140315920104,0.8779944936408568,0.8743646984002517
0.9659582592984727,0.8549658358145803,0.8840072954045916,0.901036652268031,0.8873095786481411
0.22010657912721987,0.873432157419711,0.8975015927637316,0.9293623017009216,0.9055302868163275
1.9432230818854694,0.8477267190539778,0.8750880077784481,0.8965410480531342,0.8803412048026116
0.11203565907733265,0.9935072411599135,0.9948569149895815,1.009418555158249,0.9954374259600798
0.091692404741687,0.9592176416782029,0.9664737625452928,0.9633243392818068,0.962751335311201
0.5547982611831733,0.926716234879086,0.9392924321218779,0.9186524914917669,0.9315282811819042
1.2751057607143665,0.9097545518340484,0.9247171538714135,0.9126257987497374,0.919126610250665
0.29286496650071314,0.9529659795436235,0.9600865679710419,0.9658621482122045,0.9602601565901936
0.31094979335066314,0.9242758662363928,0.9360857900053567,0.9363949010787759,0.9344553538605281
0.3313420388968513,0.8978336938859646,0.9137117646884101,0.9101947098325796,0.910767520467373
0.19566722547728238,0.8736446466740653,0.8929907842303692,0.8872194455002159,0.8892549388155576
0.33461570885659336,0.8475003959174412,0.870483312632435,0.8552157327040639,0.864381578435351
1.7340464834108673,0.8266074820737748,0.8520970351059463,0.8359035383371023,0.8457255047600258
0.06726722517088891,0.9437693408701956,0.9481096129643621,0.934793263417915,0.9418088965546028
0.15542680050665292,0.9119904560805133,0.9216640105188643,0.8901246079743226,0.9113911548666305
0.0853501449937227,0.8829512508368844,0.8972438684721503,0.8549298283728548,0.8842677009129548
0.6088981137835707,0.854797527950717,0.8733323514044307,0.8165576711481229,0.8572198715893671
1.3628811535847358,0.846185629416299,0.865323220633957,0.8213738892087993,0.8529535965393682
0.21650294865454817,0.9084866253187883,0.9162520778160452,0.8886525889813573,0.9092498172343535
0.028832197369036697,0.8807127697698809,0.8929828511052651,0.8582329648974028,0.8839068496389215
0.04068840995353678,0.8523781527412065,0.8690301131222139,0.8154326378924421,0.8561891182515022
0.11724044543753545,0.825717751509276,0.8462444212833476,0.7760981797542659,0.8300710529190405
0.6934746902830679,0.8012242078210939,0.8250430110934602,0.7448854204688475,0.8065754277321031
0.4473565764930417,0.8026072732574798,0.8249448054821654,0.761192302512345,0.8114281484662026
0.3718314630701592,0.7892936941676739,0.81284658840961,0.7565916613649237,0.8013235915306358
0.020294046565102312,0.7736325779652128,0.7987465877567533,0.746290709077325,0.7881771365131527
0.23022383398941665,0.7514783107703454,0.779217541316193,0.7094399149094875,0.7654950873514249
7.625783643588452,0.7336066141626499,0.7630502777418853,0.6908239013389738,0.748784838753861
1.6916395263336568,2.2442323579969456,2.1458853962338593,1.5748599671424661,1.8457593489843922
1.1418006668095977,2.200794769370035,2.1167599552275305,1.6204463322046092,1.8449356159330283
1.3418366020676435,2.132102284048964,2.061760963707789,1.612825511516488,1.8044954327909002
0.6456124694797079,2.0771050527320725,2.0189323085059923,1.6232761363012798,1.7802631610296826
0.5750192095819706,1.9990861544033702,1.9531401828066868,1.5743383971645966,1.7186615041159035
0.14109263266202496,1.9236688112128768,1.8891158562219776,1.5239419465730712,1.658015602266065
0.2964980275543196,1.8458831527410884,1.822269467568199,1.4441995152384426,1.5882627961872566
0.29780549833894304,1.773518695507599,1.7599369610711928,1.3825681529949125,1.5255395203264288
0.16844638753926827,1.704868938923562,1.7005477333740344,1.3258089438830811,1.4662560565489788
0.2592451064955477,1.638299708772584,1.6426200032148912,1.2636072567760646,1.4069038748595482
0.2191196961933487,1.5759761043043394,1.5881114043193316,1.212720034607696,1.352769539569351
0.022594175282173362,1.5162853227829534,1.535591352104963,1.1624415405107036,1.3003884891860122
0.0361918205562038,1.4583112915538632,1.4842496141276131,1.101078744792011,1.2471748139877525
0.2174944736132225,1.4031755911222905,1.4350855137814145,1.0448461468921089,1.1965376138920523
0.25915187936674966,1.352011813628788,1.3890636395616442,1.0057068501677742,1.151945061898167
0.035928487913539676,1.3039620088201962,1.345476371857239,0.9721780157647101,1.111032458261871
0.1967711895020524,1.2563182182079222,1.301966019159516,0.9242015367202193,1.0669927801937649
1.0443903386962627,1.2121820697827022,1.2612094632659283,0.8910770391532915,1.0285587331720372
0.7073148254980943,1.2042988436819988,1.2514128144658823,0.9256972368265959,1.0437724042744252
0.3185037787117995,1.1779704111358102,1.2258022071518024,0.9313672692793233,1.0327932692438433
0.28254925522396085,1.1399721033707924,1.190034595069933,0.9069218759673389,1.0020094177279708
0.7134894534608707,1.103245132107437,1.155137114578604,0.8812618817690261,0.9716589760574044
0.056451788556982144,1.0838961243300234,1.1350040827595604,0.8902237212808168,0.9665811271656373
0.9066287102282417,1.0473759864455736,1.100025350192004,0.8487281322472194,0.9322136447615078
0.6611093796993062,1.043648229358364,1.0931390810667643,0.8750651179483135,0.94417177663154
0.45054298055442904,1.0258188962478763,1.0742462847991827,0.88031688933089,0.9378424414375166
0.09777734373470684,1.0002146577584625,1.0486099438080991,0.8689914841319556,0.9198996962348805
0.39164882504757326,0.9684577504625804,1.0175018961142683,0.831807868342098,0.8896062231518105
0.28306209083762224,0.9443766117379181,0.9928736259906593,0.8189262259426021,0.8718387863143997
0.22984538720798423,0.9186792287174124,0.9667266956068875,0.7985524819874701,0.8502966551685396
1.0402610854266316,0.89331143553044,0.9407064091181115,0.7753514256870785,0.8279429098550842
0.07489725941147983,0.9147387755319671,0.9555220898396349,0.8174653655532437,0.8597961108873052
0.14739340663851114,0.8876753404040841,0.9284176055910953,0.7816076640080096,0.8327277364826838
0.028664275206321334,0.8628742328287896,0.9031033811339158,0.7532155721343913,0.8089096824392065
0.6698021884515614,0.8385417926391749,0.8780076031651552,0.7175877851557148,0.7837855176999284
0.5497023143506878,0.8369850296190733,0.8730706180704642,0.7334650976272565,0.7905050260662557
0.44934001279735375,0.8286636246072425,0.8623392033352584,0.7387870817193141,0.7887286359940758
0.4132336715348642,0.8161859121017287,0.8480217962823041,0.7359245139373447,0.7810827140485992
0.20045311215307804,0.8030951894123973,0.8331848246052141,0.7304240738402352,0.7720220163700626
0.0004367546141271286,0.7844031762282402,0.8132998528196154,0.7089331605961471,0.7537977374886182
0.3983331069766684,0.7648126674637538,0.7925009578746082,0.6736851056436473,0.731844128123814
0.4684872608919735,0.7548120810051527,0.7803277697898812,0.6707031987237617,0.7254080837812097
0.5146403253360714,0.7487941782174288,0.7718502925467178,0.673425392659524,0.7234235964743096
0.03465161411349705,0.7456924871070528,0.7661270367264424,0.6796400551620178,0.7245081597135028
0.7694251133784495,0.7286050389307343,0.7477946938710289,0.6485346051380226,0.7046319927843889
0.35324600722210137,0.7448760207382991,0.7598212099450223,0.6769797393666885,0.7255360300745024
0.08194314433977816,0.7345784272427835,0.7480991501609154,0.6702896286077814,0.717158448905318
0.04139481813857575,0.7185204168826871,0.7310881536834161,0.6432534321622619,0.6986492257024755
0.7874072231406316,0.7031927648222778,0.7146283038626071,0.614653122335655,0.6803955899770205
0.07274883867868888,0.7238131589681611,0.731193927859261,0.6468648036696673,0.7049855833228494
0.599359993232302,0.7083464031278072,0.7150363365072495,0.6204541432888425,0.6870327591885963
1.1389523272277173,0.7139330100647431,0.718259265087245,0.6367497258857836,0.6966259847082132
1.0402933005477153,0.7691616498836074,0.7669596786825427,0.6970687468637399,0.7507393832394478
0.26229058279332385,0.8055881741848474,0.7992879210988387,0.7446533731480142,0.7898699828769428
0.7850892537333786,0.7880934997276567,0.7828537217992206,0.7269827250440851,0.7729443635350074
0.528612043568924,0.7993379984251475,0.7925442683145615,0.7515225021201142,0.7889964544276207
0.375773085435579,0.7928190479236601,0.7861637324635756,0.7540478817870057,0.7860005320842604
0.03694313030025659,0.7798331674496827,0.7738164501128243,0.7444996738141058,0.7746086542004768
0.16552536379636623,0.7605299158069484,0.7555376738262052,0.7099034962594095,0.7517842498853351
0.22379427602776422,0.7438236449321511,0.7394271976353107,0.6869429519463923,0.7335624382085542
0.012299660772648338,0.7294324770111315,0.7252892070634988,0.6697331548919132,0.7186252076187079
0.7427783055082273,0.7132052932689227,0.7093159081485908,0.6375966803220284,0.6988783409109058
0.1496536365218335,0.728814630875043,0.7226658099826572,0.6644282637230258,0.7179845397708376
0.4154367703877861,0.7138348011706089,0.7079768496761197,0.6428713753934234,0.7013072411884523
0.04950403744153976,0.7083381610849925,0.7019730013896202,0.643030249227003,0.6978871068277184
0.28273634573097284,0.6935476921782846,0.6872554120098778,0.6151368621862328,0.6798288214269184
0.41827371548941816,0.6842364883810339,0.677535722428049,0.6065281064708827,0.6709020517528366
0.06807001738982202,0.6811780189714067,0.6736554705131045,0.6090465449436729,0.6697992408307364
0.31927405931460257,0.6681952641623862,0.6604186436116622,0.5843869594064429,0.6537734124551933
0.4977649488463045,0.6619809580585181,0.6534905492056093,0.5803636588815143,0.6483607843196618
0.7320029296682665,0.6650812676763608,0.65541318681862,0.5908071230694394,0.653897174106574
0.5757144756640422,0.6849808774438425,0.6732542654631339,0.6197870060949603,0.6761857933719381
0.06530080448816264,0.6908605182831675,0.678236383086549,0.63408756637627,0.684783751733758
0.6158187721464919,0.6770823208041944,0.6646994071865657,0.6078260518449485,0.6676691378379199
0.36112652231046644,0.6864635813868545,0.6730113057885652,0.6261174543840136,0.6797975348642002
0.11993561637407324,0.6803940745383918,0.6668595307603885,0.622942952987429,0.6746890232614231
0.27790768475711575,0.6678342948173684,0.6544384717273608,0.6013932657635304,0.6595525012935395
0.1283308909090749,0.6599279348797552,0.6463423101439324,0.5931420685780583,0.65155955987766
1.1775297152952489,0.648810271335443,0.6350546908176533,0.573863018232338,0.6381039405173885
0.3534909828687979,0.7197210565391167,0.7009256589396812,0.642106299781418,0.7028786307815088
0.6011710305560644,0.7107122205432763,0.6925889450307471,0.6373809808567629,0.6956978290242247
0.9304393920373715,0.7156954088494444,0.697445937429204,0.652605807505306,0.7043419462310706
0.491082014690141,0.7476674526661523,0.7277399985501801,0.6939872075486352,0.7383195387626764
0.14411518887392002,0.7428291443592835,0.7236827495436874,0.696949752927727,0.7364423515999604
0.22999888008884728,0.7263737698713374,0.7084943643745256,0.6729393390445942,0.7181160578759485
0.27468309847159245,0.712793210039515,0.6958309112041173,0.6568625634535453,0.7040886184505626
0.5212639010607905,0.7014166692282492,0.6850966185992311,0.6451494494413478,0.6929050856436815
0.5013280305507516,0.7020855519045978,0.6857035543855791,0.653441623010419,0.6962735799827984
0.5192741470698286,0.7015199520702414,0.6851585922636878,0.659637687873756,0.6980872839520237
0.7583671834618714,0.7020228872763563,0.6856376495239214,0.6668771734398059,0.7009046876637545
0.7936276316014249,0.7196239015053089,0.7022710691878707,0.6929648291415118,0.7207825905001931
0.004566677663367363,0.7382655107425863,0.7200581783370322,0.7202903991893336,0.7417236843656716
1.037263981359118,0.7208546229105776,0.7039285538318076,0.6845012871821847,0.7201365097200316
0.009497778383107877,0.7630071395164352,0.7436705350968174,0.7326081971315689,0.7619214230610336
1.3915517116073606,0.7440244501570792,0.7263187267120712,0.6964702252443546,0.7392017305532118
1.4820281733930365,0.8256003443257838,0.8029258913367062,0.774161394651344,0.8131612507351378
0.4158952970428186,0.9050968954968008,0.8785828019411825,0.8544195359445521,0.8876914739062007
1.8306436172777374,0.885209427023267,0.8616283545256748,0.8415113566000543,0.8711011989221598
1.053126315227834,1.0022112585773697,0.9726109984020707,0.9477828273741371,0.9752513349329588
0.30718577687373055,1.013448726808047,0.9857213379042516,0.9801350535520165,0.9948509628473318
0.56768026840182,0.9832972516165533,0.9595776081519891,0.9507627443559904,0.9663015319200887
0.4318405579051689,0.9644876032045969,0.9437971500506921,0.9436197782268003,0.9527298077969887
1.2860615887883953,0.9413439620659785,0.9236936572913573,0.9263675733292424,0.9327394894863033
1.3313368358378235,0.9809472214740944,0.9617629663703064,0.9791933600087078,0.9756443746154767
1.3122086913466002,1.020380386766661,1.0000216682274974,1.032322010624468,1.018575561468024
0.43017202685356826,1.0531869719710456,1.0323991959819918,1.0802923622314702,1.0558790969033578
0.5065277010674432,1.0242985587004763,1.00720833610181,1.0539605025675047,1.0290199012179417
0.04992809410082445,1.0001195781196641,0.9861121337932328,1.0353697030259459,1.0078414070308148
1.5596382755754337,0.9672513584815452,0.9567289932633242,0.983378085426604,0.9711280547812533
0.11590677391220179,1.033830848462693,1.0190201221268795,1.0550963927873014,1.035354447682934
0.18964087067412594,0.9994850132370658,0.9884209913642737,1.0067771000126822,0.998364425218583
0.05489849677272041,0.9680641647809717,0.9602595852528237,0.967221650351088,0.9657091655748357
0.2471013561821798,0.9371231938471523,0.9323058194597925,0.9201862676616896,0.9317721328550431
1.1355938904748717,0.9104989034129001,0.9080672222128098,0.890548622020445,0.9052155449670622
0.18844437529103403,0.9386236394024356,0.9336497423461588,0.932876538460485,0.937309153235983
0.16463629171762406,0.9108030520795828,0.9083379653634237,0.8980292196547778,0.9083749722747984
0.26970833652770426,0.8842765092410051,0.8839937697158717,0.8635796672766498,0.8804541417658467
0.8736738405997664,0.8614299164422001,0.8627855334459464,0.8391773304266682,0.8579378087946107
0.029577238271966837,0.8718492102985694,0.871677607760196,0.8635600315193601,0.8731238867635569
0.6900599133676982,0.8464307127484968,0.8480827936790919,0.8211358549480384,0.8442595472763977
0.8118891633963238,0.8450223280774452,0.8461394869444874,0.831982967109969,0.8472991531164549
0.46863684268395095,0.8522491609088655,0.8520717316539332,0.8518338578034651,0.8587443376793286
1.372258215335598,0.8383432592666047,0.8388868730060148,0.843381347132771,0.8470941127275391
0.965710456582568,0.9014947286732067,0.8959581066261275,0.9086317109536437,0.9063958922552393
0.26710247062000453,0.9153710754406833,0.9087569927849846,0.9358666469538173,0.9246157556257337
0.7294245922993053,0.8904919302535278,0.8861741428780843,0.9067570039044608,0.8991788932082384
1.2522416350435739,0.8878625499144445,0.8837027409807154,0.915218880419141,0.9007048461320347
0.14656298625461495,0.9304561623690316,0.922661223652347,0.9654214544746736,0.9434532113433817
1.975604682337585,0.9024703149394938,0.8973583461362005,0.925392931308841,0.9127797511585165
0.5666086686531214,1.0363169807462957,1.020555579119956,1.036692502559293,1.0260980117768181
1.2481259837291774,1.0138901317305449,1.0011251767816278,1.0240511632425813,1.0085335252221401
0.004111509267043373,1.041013641423623,1.0272095739375473,1.0665823909624053,1.0407834589923737
0.31462045735447475,1.0057813601624135,0.9958597025230266,1.0095039056057644,1.0018358512514196
0.5741878072806167,0.9765753306500861,0.9697754077090144,0.9793823036572475,0.9736347244794048
1.0171726675420798,0.9586835524499633,0.953796844462762,0.971064858659903,0.96011271439263
0.18949707520288359,0.97106121617712,0.9653222600952068,0.9982533997713477,0.9777511797298393
0.7959283132454822,0.941367811596763,0.9384913310615329,0.959457939320919,0.9464336982951819
0.8568671188317576,0.9388052685562641,0.9361358120117931,0.969751789046676,0.9489107683979168
0.9187526110135773,0.9406776392612645,0.9378025144543558,0.9841924828122135,0.9554853920100482
0.5722650968277818,0.9469552151909124,0.9435143649139519,1.0026036415932424,0.966060569700579
0.3493352993713713,0.9310804201359172,0.9290741712505334,0.9926403716499527,0.9529289869215652
0.2542572804460293,0.9074975245347231,0.9074869059340541,0.9662596777566216,0.9291911813638943
0.8719655300785403,0.8828598681882526,0.8847590448615928,0.9343748911478638,0.9030095165804765
0.3189593580341922,0.8909926473012034,0.8916029249533792,0.9522815045387008,0.9143505587834343
0.5830975960818064,0.869042992293445,0.8712307861138353,0.9261547625147649,0.8916968955903319
0.41991467617258454,0.8594690011790986,0.8619179770132436,0.9218950680934729,0.88435365644537
0.13147691396029554,0.8430186787174929,0.846325508262188,0.9053369186829935,0.8683689146087138
0.684291334999081,0.8200925278779158,0.8247627620963305,0.8680155158922254,0.8417434798344182
0.9609109683944171,0.8205171441429925,0.8241958795706641,0.8753332288868136,0.8445588179156478
0.4094291521522375,0.842471231394174,0.8432719984138571,0.9042138027850187,0.8677600863347531
0.878717585384801,0.826757775854213,0.8284028656769092,0.8879418396258579,0.8523027814902746
0.13707429761420697,0.8409545592345493,0.840625865447257,0.9093778221526959,0.8683715520601383
0.36212325696808223,0.8181992962081672,0.8194237273367183,0.8722238728674021,0.8418457628892155
2.4041421021439664,0.8023665349774423,0.804334474603588,0.8543054068187987,0.8257259046745383
0.0626367116536014,1.0321006709670344,1.014253586174836,1.0094973509518215,1.0014039872550615
0.7583234018545353,0.9975697776975915,0.98372603419513,0.9606314817763508,0.965615533278496
0.10311451943062654,0.9880094350621114,0.9759473534845821,0.9678367345349042,0.9640409029972353
0.41471490157761925,0.9563377794971109,0.9476475842236812,0.924637242734998,0.9312921745605521
0.2668012301167318,0.9333221383453104,0.9270395503759437,0.9075557717499828,0.9121164085826525
0.5025759414426401,0.9074697997913884,0.9036243813024402,0.8803307423411091,0.8876152284340943
0.42587103462973397,0.891209287364638,0.8887392070376634,0.8727306657341847,0.875930885499251
0.4122117496375059,0.8729056163143263,0.8718616423280625,0.8597066203646455,0.8609239820106163
0.09393573038617099,0.8553153439098197,0.855491033671949,0.8464312941075965,0.8461981976134227
0.5822354643064408,0.8313595721910686,0.8331961633585256,0.8099585774350495,0.8201217117171518
0.5384692777034804,0.8246778203505909,0.8264072521987192,0.8128914523139841,0.8178853495884485
0.2941924075182295,0.8161653315714799,0.8179455408344224,0.8122228187555415,0.8131122702596637
0.250144022933045,0.7983661720555251,0.8009966590953169,0.7928018083196313,0.7958317620224828
0.8282037189610771,0.7805182074663363,0.7838915879143915,0.7711848654237041,0.777762929131399
0.39735013784006107,0.7952599769055103,0.7963172100438619,0.7961386322463364,0.796201828396934
0.48372469469261653,0.7823996934856151,0.7838415172106754,0.785559600676966,0.784945631029876
1.0679128400767826,0.7743173623711717,0.775628835946541,0.7822934161074496,0.7792289417872793
1.1175134057044933,0.8120080903237289,0.809183705222468,0.8260515892369099,0.8174299382115112
0.055478783462802425,0.8499406321981209,0.843482184508949,0.8708895117040939,0.8562095551670053
0.44893766913914934,0.8259422816392096,0.8215118685456972,0.8300556204497751,0.8286204235204412
0.7244922836109552,0.8130203207986352,0.8094639704754129,0.8213800534905621,0.817914709509451
0.052598274484639246,0.816713594194652,0.8125093396462896,0.8347574147855702,0.8253249868257665
0.44608025582467514,0.7946873025889392,0.7920989135121816,0.7958928926064455,0.799505783680069
0.4806545200516802,0.7838856609528972,0.7817523828021624,0.7890762702212517,0.7906156212483656
0.13050093975450874,0.7754952008202833,0.7735405020878767,0.7853440302480919,0.7842910790456245
0.012955525123773771,0.7566940128321329,0.7557510134956892,0.7551777960459111,0.7626893701107974
0.09378171953584012,0.7381583256819939,0.7380282340084576,0.7180241015490895,0.7400340199454047
0.08115086079448804,0.7212262083198655,0.7216106843348601,0.6889729122656305,0.7201233326129303
1.4014830939274325,0.7052228023812772,0.7058930865261628,0.6605879729152229,0.7010825375989788
1.4452026587466507,0.7944572789667014,0.7865764303042638,0.7418037011280482,0.7803260579544123
0.025497469655296583,0.8732832968274862,0.8591958046642195,0.8202010620489628,0.8539725123776823
0.11245354623753105,0.8476857741410923,0.8362163116546123,0.7802507984210293,0.8261869012002238
0.854760933463926,0.8242083865323141,0.8149331928562796,0.7491292195506719,0.801716076372631
1.026331301267229,0.8365341957968313,0.8264579462581947,0.7775545792894853,0.8199479510134712
0.6448750638812096,0.8624311811197412,0.8506466440622954,0.8180989866551208,0.8504255596392936
0.29994336205460154,0.8567213985860886,0.8458661576854717,0.8253979433233215,0.8498327483375661
0.417475766910672,0.8363314531337686,0.8274607906384037,0.8056311500893147,0.8304077698343112
0.3000163366258954,0.8212990555025078,0.8137971446099781,0.7960320495004491,0.8178474775682605
0.3517023193145122,0.8032144396531072,0.797183820373778,0.7780533948400262,0.8004625757640048
0.017096021377608996,0.787986289532461,0.7830435382893481,0.7650862228961771,0.7865722460899061
0.03520978393483766,0.7675117250697331,0.7639414656450957,0.7278043076026001,0.7626553471506808
0.07464787369252056,0.7483441993779103,0.7458399561008557,0.6940097663707503,0.7403690494106685
0.32621241809808665,0.7305676740190866,0.7288584616133351,0.6650402013854534,0.72008990378949
0.070467731502986,0.7194358588898966,0.7178408705801169,0.6567692045889424,0.7102333814165483
0.1547279225307892,0.7033999680003005,0.7022067934813452,0.6295326205391137,0.6916146000795088
0.20800235240877574,0.6894306760312079,0.6883426110824038,0.6101096022885519,0.6764033426328478
0.1378357723112921,0.6774921925002904,0.6762535471783115,0.5958094498140272,0.664074966971443
0.9512582796969691,0.6648723606521753,0.6634405203207159,0.5769101287980078,0.6499836975992409
2.50831679138447,0.7049262476451614,0.699413210668989,0.6253292901560109,0.6908592448353138
1.2732500728374052,0.9855800624007179,0.9583040320676854,0.8137390626425455,0.9050225847013476
0.7796442506685429,1.0180673404654974,0.9911275685866666,0.8727117100635758,0.9490029230284158
0.5370342559276958,1.0080447187129358,0.9839633458982661,0.8873206178626757,0.9498264485950206
0.19232861254363404,0.9862121688412386,0.9654044715779351,0.8818128635644076,0.9354892515560806
1.2541175920549053,0.9556683964616087,0.9383909561286359,0.8503209304245115,0.9067226761205163
0.005241995573914013,0.9895912589843974,0.9712543364611602,0.9050859396643155,0.9485184299981796
0.20318722501335648,0.957395820053617,0.9425879586308419,0.8582823923162591,0.9151642911571984
0.08601299065364312,0.9288166619539834,0.9170213634139655,0.8291633462784435,0.8880707540305216
1.4071531736848064,0.900491143774976,0.8914426501658348,0.7931474780554869,0.8594316240083046
0.7972959405887955,0.9577177894568735,0.944713232164499,0.8644889986600529,0.9199764343870055
0.7550673060826435,0.9537368792509008,0.9418705625352187,0.8809426069176255,0.924185040998332
0.07117396078654206,0.9473966717084729,0.9367485333852777,0.8929868714482323,0.9251829091476265
0.34503327209373047,0.9179273286619899,0.9101362243239103,0.8519469686859472,0.8941310510476478
0.31991062560525835,0.895127438427982,0.8894352053645063,0.8339964606107418,0.8739391546117747
1.4730722555417899,0.8730555671058884,0.869192316196001,0.8152552316051891,0.8539282062037967
0.8687208814471191,0.9419713142744288,0.9324642067336917,0.8905092256112997,0.9212995723277678
0.6212778353362302,0.9442124343810382,0.9350430129967067,0.9109475510956675,0.930457382962099
0.28238922778921655,0.930983463597265,0.923324357792539,0.9105565880099542,0.9224518676744868
0.6327555626357171,0.9056990076330992,0.9003755607973893,0.8842456189376768,0.8978756016298238
0.7223520975165845,0.8959799789797861,0.8915019460034518,0.8864324028680813,0.8928866849423801
0.1593628794398833,0.8922944581219823,0.8880721353535175,0.89548639809106,0.894030265536572
0.17977458601316193,0.8669553589643334,0.8647735496221108,0.8609514238197293,0.8669292816597554
0.7961654956684042,0.8434454550407477,0.8429430559131984,0.8300815236127955,0.8420696347725637
0.22409816646780828,0.8493317552666682,0.8478043117942816,0.8485093390711266,0.8522684704573898
0.9064840715682858,0.8277175705000684,0.8276051521894097,0.8217106518995299,0.8297622288930104
0.30862195558417677,0.8437599326735741,0.8416848279724192,0.8494673396480814,0.8492885688384197
1.3827598376198886,0.8246040574529576,0.8237460406977357,0.8289599127990898,0.8302840305320186
1.171278820175511,0.8899281745747075,0.8831313328554936,0.895346182479326,0.8915062229479385
3.721426552596698,0.9232092838640262,0.9139272928126174,0.939767273938002,0.927248688240964
1.8034186906383256,1.373124036907257,1.3320683828102622,1.2132378763976999,1.2556787858887946
1.270014111625408,1.4141157417492642,1.375576868101531,1.2893923084999126,1.313739279789676
0.9544716776379859,1.4050026943548457,1.3715947829873,1.315802378885243,1.3217683650583745
0.687476638562249,1.3766903357900182,1.348953609631136,1.3149049075401276,1.3069749046508445
0.01948531114707608,1.337601777820885,1.3156771618978793,1.2930456455486825,1.2773295008372116
0.8805226974469399,1.286727241440309,1.2709546723493965,1.2222858894668804,1.22566402830035
1.596428218945841,1.2628241879618278,1.2508941910113016,1.2219000918737393,1.2130061903574423
0.7461941645717941,1.2952721141443664,1.282600669569548,1.2791770567976846,1.2556206070294618
1.085155950458595,1.2640576748612764,1.2555750768751934,1.2644782935566348,1.232796136910654
0.17727817813627272,1.254370566248535,1.2480387135056603,1.2773920227941384,1.2333354288776506
2.677016673776679,1.2090711972993906,1.2076286365984095,1.2197015881501267,1.187259391244685
0.6837009125037474,1.384465962493311,1.3698316041318042,1.3690053884913893,1.3404024237377408
0.5379016548855767,1.3449704790497365,1.3354821497213425,1.3434459499758995,1.3086050782298972
0.13610746634743542,1.3026263710659765,1.2981571065636688,1.3085230521327278,1.271620759455393
0.8609327651900416,1.2544149393206914,1.2551530938923883,1.2458779724789995,1.2225225108394122
0.087964626691886,1.2318147218871018,1.235131584217226,1.2424267876656736,1.2088950433298553
0.7632963972868728,1.1870296949355221,1.1947976221881802,1.1807270196269433,1.162393125242439
0.2412548632797141,1.1639764447251313,1.1737819190022565,1.1740341565834036,1.1469593920579846
0.650864424996781,1.124537372290403,1.137859143509192,1.1282009394831873,1.1078383898150501
0.08785166715352516,1.100244774791252,1.1152631265811683,1.1162884642604554,1.0895562622306685
0.5806394350375536,1.062456538361421,1.0804597095372694,1.0627824585930634,1.0496318715154964
0.3940223596577938,1.039110927008195,1.0583015231813377,1.0496903984437174,1.0312785128265027
0.41914527835019966,1.0103188692409613,1.0311639698169839,1.0232212385508248,1.0047951976868517
0.1520523662794418,0.984066329964049,1.006123638951648,1.0003051804533767,0.9810218183147139
0.14514492852896077,0.9532034786765048,0.9768356033071719,0.9587160300736035,0.9485248231605855
0.7135996312846856,0.9239765242848007,0.9488264645664544,0.919110731996423,0.9176102129469799
0.03274691247071264,0.9174985778774563,0.940918473601089,0.9254825543944201,0.9164605699800883
1.132491406320559,0.8894284637869557,0.9138005473321662,0.8795054158052572,0.885020110846366
0.4610644166371588,0.9193842932466965,0.9383818326197776,0.9222271188290815,0.9185819366700175
0.01557942013342975,0.9005037540727346,0.9197359510444684,0.9087826215181045,0.9023847377435911
1.0079071610906003,0.8734155044157039,0.8936654090348506,0.8625913973204439,0.8716363955296612
0.34281801561469927,0.8936393450298215,0.9098344665213999,0.8962302933218007,0.8959880700677006
0.6837540927145441,0.8722536533619847,0.8890254517878068,0.8753544035670587,0.8754923840206817
1.5547637654356938,0.8681853109695794,0.8836416908247965,0.882164439567386,0.8755244346931685
1.032881257586454,0.9486374328062213,0.9545737980812183,0.9597508135122137,0.9490022483071415
0.1420492832284413,0.9631137267355816,0.966971815429846,0.9887402131567792,0.9684094564771789
0.9315504569602208,0.9333569243084676,0.9395800347815227,0.947184499237487,0.936422225098779
0.11425648587571906,0.9411605524255267,0.9458640373141054,0.9689034257520601,0.9491292487534164
2.0412084501782006,0.9123691353337156,0.9192251589169076,0.9265142070213053,0.9175501202538775
0.8072561750915732,1.0525556703306052,1.0460307366606771,1.0424651529609343,1.0365080754190783
0.8504359915737358,1.0416381769347747,1.0366362844888717,1.04818857357757,1.0327514190016382
0.08009408754093213,1.0342795964641867,1.0303436857084427,1.0569096734000445,1.032160910472821
1.1593302138959212,0.9999560054122317,0.9994182159706391,1.0065364890070359,0.9951914542518709
0.011130350323599741,1.0200178794347263,1.0176447368093426,1.0425133343067312,1.0206219075190324
0.8903750388697484,0.9862599119872612,0.9871159817496501,0.9879992025206512,0.9833555387216185
0.15621732025541302,0.986218461261841,0.9868728385967295,1.00375825889906,0.9892948698923681
0.5534368277224677,0.9553585347420105,0.9587200191784687,0.9623934586692299,0.9565294357320862
0.14541026217756553,0.9380563200444201,0.942567796216335,0.9535801730180891,0.9428813119773998
0.756363719780657,0.9098451940187107,0.916454226407477,0.9145115651977578,0.9125267123635292
0.7194025688006597,0.9072526720335587,0.913237591424126,0.9244741949126299,0.914593981152594
1.6497771100967273,0.9025254123144105,0.9081267877158669,0.9309001339636097,0.9140359782255824
